{
    "objects": [
        {
            "mesh": "obj",
            "file": "../../../OBJs/cube.obj",
            "position": [ 0, 0, 0 ],
            "rotation": 45,
            "scale": 1,
            "texture": "texture",
            "mass": 1,
            "physics": 0
        },
        {
            "mesh": "obj",
            "file": "../../../OBJs/cube.obj",
            "position": [ 0, 0, 4 ],
            "rotation": 25,
            "scale": 1,
            "texture": "texture",
            "mass": 1,
            "physics": 0
        },
        {
            "mesh": "obj",
            "file": "../../../OBJs/cube.obj",
            "position": [ 2, 0, 0 ],
            "rotation": -30,
            "scale": 2,
            "texture": "stone",
            "mass": 1,
            "physics": 0
        },
        {
            "mesh": "obj",
            "file": "../../../OBJs/plane.obj",
            "position": [ 0, -1, 0 ],
            "rotation": 0,
            "scale": 5,
            "texture": "wood",
            "mass": 1,
            "physics": 0
        },
        {
            "mesh": "obj",
            "file": "../../../OBJs/cube.obj",
            "position": [ -3, 6, 0 ],
            "rotation": 0,
            "scale": 1,
            "texture": "texture",
            "mass": 1,
            "physics": 0
        }
    ],

    "lights": [
        {
            "type": "default",
            "position": [ -3, 6, 0 ],
            "color": [ 1, 1, 1 ]
        }
    ],

    "settings": [
        {
            "gravity": -9.81, //Default, because Earth's gravity is -9.81m/s^2
            "ambient": 0.5
        }
    ]
}