{
    "objects": [
        {
            "mesh": "obj",
            "file": "../../../OBJs/teapot.obj",
            "position": [ 0, 5, 0 ],
            "rotation": 0,
            "scale": 1,
            "texture": "stone",
            "physics": "rigidbody",
            "mass": 1,
            "name": "teapot"
        },
        {
            "mesh": "obj",
            "file": "../../../OBJs/suzanne.obj",
            "position": [ 2, 0, 0 ],
            "rotation": 0,
            "scale": 1,
            "texture": "texture",
            "physics": 0,
            "mass": 1,
            "name": "monkey"
        },
        {
            "mesh": "obj",
            "file": "../../../OBJs/brickplane.obj",
            "position": [ 0, -0.2, 0 ],
            "rotation": 0,
            "scale": 5,
            "texture": "brick",
            "physics": "passive",
            "mass": 1,
            "name": "ground"
        },
        {
            "mesh": "obj",
            "file": "../../../OBJs/cube.obj",
            "position": [ 1, 4, 0 ],
            "rotation": 0,
            "scale": 1,
            "texture": "texture",
            "physics": 0,
            "mass": 1,
            "name": "lightVisualiser"
        }
    ],

    "lights": [
        {
            "type": "default",
            "position": [ 1, 4, 0 ],
            "color": [ 1, 1, 1 ]
        }
    ],

    "settings": [
        {
            "gravity": -9.81, //Default, because Earth's gravity is -9.81m/s^2
            "ambient": 0.5,
            "isFreeCamera": false,
            "cameraPosition": [ 0, 1, 0 ],
            "cameraPitch": 0,
            "cameraYaw": 0
        }
    ]
}